Q136680554,2025-11-23T12:32:06Z,culture | audiovisual work | film,
Q136672261,2025-11-22T19:19:08Z,culture | audiovisual work | film,
Q136757696,2025-11-19T09:48:36Z,culture | audiovisual work | film,
Q136813984,2025-11-17T10:12:58Z,culture | audiovisual work | film,
Q136820823,2025-11-21T15:15:31Z,culture | audiovisual work | film,
Q136705825,2025-11-05T22:13:06Z,culture | audiovisual work | film,
Q136692668,2025-11-01T19:59:50Z,culture | audiovisual work | film,
Q136087138,2025-11-20T16:57:29Z,culture | audiovisual work | film,
Q136892272,2025-11-24T15:21:00Z,culture | audiovisual work | film,
Q133807559,2025-11-01T11:30:19Z,culture | audiovisual work | video game,
Q135051694,2025-11-26T16:40:13Z,culture | audiovisual work | video game,
Q135054885,2025-11-03T10:40:34Z,culture | audiovisual work | video game,
Q136700614,2025-11-24T05:18:58Z,culture | audiovisual work | web series,
Q134970220,2025-11-14T15:27:48Z,culture | audiovisual work | television program,
Q136807336,2025-11-16T22:18:47Z,culture | audiovisual work | television program,
Q131455283,2025-11-15T20:47:55Z,culture | audiovisual work | television program,
Q136799074,2025-11-01T08:42:11Z,culture | audiovisual work | television program,
Q136813219,2025-11-02T18:06:21Z,culture | audiovisual work | television program,
Q133859202,2025-11-24T20:21:54Z,culture | audiovisual work | television program,
Q136659095,2025-11-01T07:29:47Z,culture | audiovisual work | television series episode,
Q136724092,2025-11-07T01:13:37Z,culture | audiovisual work | television series episode,
Q136724093,2025-11-07T01:14:03Z,culture | audiovisual work | television series episode,
Q136721343,2025-11-03T17:50:51Z,culture | audiovisual work | television series episode,
Q136889270,2025-11-14T02:01:28Z,culture | audiovisual work | television series episode,
Q137028358,2025-11-21T02:01:36Z,culture | audiovisual work | television series episode,
Q136786061,2025-11-07T02:02:39Z,culture | audiovisual work | television series episode,
Q137165683,2025-11-16T15:32:09Z,culture | audiovisual work | television series episode,
Q136704224,2025-11-03T22:24:55Z,culture | audiovisual work | television series episode,
Q136734819,2025-11-08T00:03:35Z,culture | audiovisual work | television series episode,
Q136505242,2025-11-21T05:53:45Z,culture | work of art | musical work,
Q136721577,2025-11-05T04:56:46Z,culture | work of art | musical work,
Q136723700,2025-11-03T18:01:17Z,culture | work of art | musical work,
Q136724724,2025-11-15T03:22:10Z,culture | work of art | musical work,
Q136756965,2025-11-10T21:47:28Z,culture | work of art | musical work,
Q136779385,2025-11-18T15:35:53Z,culture | work of art | musical work,
Q136721085,2025-11-10T02:05:21Z,culture | work of art | musical work,
Q136764301,2025-11-11T20:10:50Z,culture | work of art | musical work,
Q136722447,2025-11-07T10:10:01Z,culture | work of art | musical work,
Q136760035,2025-11-09T21:52:37Z,culture | work of art | musical work,
Q136891790,2025-11-18T17:08:04Z,culture | work of art | musical work,
Q136918629,2025-11-22T22:17:06Z,culture | work of art | musical work,
Q136903199,2025-11-19T15:37:11Z,culture | work of art | musical work,
Q135678881,2025-11-16T15:49:09Z,culture | work of art | musical work,
Q136803546,2025-11-16T07:37:04Z,culture | work of art | musical work,
Q137168787,2025-11-16T06:04:52Z,culture | work of art | musical work,
Q137187404,2025-11-18T05:01:13Z,culture | work of art | musical work,
Q136825273,2025-11-04T04:06:55Z,culture | concours,
Q136871173,2025-11-05T19:17:08Z,culture | festival,
Q136813443,2025-11-03T12:56:59Z,culture | release | publication | version,edition or translation | recurring event edition
Q136842028,2025-11-05T05:58:43Z,culture | release | publication | version,edition or translation | recurring event edition
Q136933235,2025-11-09T14:21:49Z,culture | release | publication | version,edition or translation | recurring event edition
Q136955723,2025-11-09T22:05:10Z,culture | release | publication | version,edition or translation | recurring event edition
Q136955764,2025-11-10T01:00:47Z,culture | release | publication | version,edition or translation | recurring event edition
Q136955781,2025-11-10T02:20:49Z,culture | release | publication | version,edition or translation | recurring event edition
Q136955812,2025-11-10T05:57:09Z,culture | release | publication | version,edition or translation | recurring event edition
Q136813110,2025-11-01T05:55:51Z,culture | release | publication | version,edition or translation | recurring event edition
Q136813135,2025-11-02T04:11:29Z,culture | release | publication | version,edition or translation | recurring event edition
Q136813132,2025-11-02T02:07:52Z,culture | release | publication | version,edition or translation | recurring event edition
Q136813133,2025-11-02T02:18:26Z,culture | release | publication | version,edition or translation | recurring event edition
Q136813139,2025-11-02T04:14:18Z,culture | release | publication | version,edition or translation | recurring event edition
Q136813142,2025-11-02T05:52:44Z,culture | release | publication | version,edition or translation | recurring event edition
Q136813152,2025-11-02T13:59:43Z,culture | release | publication | version,edition or translation | recurring event edition
Q136841672,2025-11-03T08:30:51Z,culture | release | publication | version,edition or translation | recurring event edition
Q136841687,2025-11-03T19:13:59Z,culture | release | publication | version,edition or translation | recurring event edition
Q136841738,2025-11-04T16:30:07Z,culture | release | publication | version,edition or translation | recurring event edition
Q136841769,2025-11-04T17:52:49Z,culture | release | publication | version,edition or translation | recurring event edition
Q136841824,2025-11-04T20:12:10Z,culture | release | publication | version,edition or translation | recurring event edition
Q136841830,2025-11-04T20:39:17Z,culture | release | publication | version,edition or translation | recurring event edition
Q136841845,2025-11-04T21:01:28Z,culture | release | publication | version,edition or translation | recurring event edition
Q136841848,2025-11-04T21:01:41Z,culture | release | publication | version,edition or translation | recurring event edition
Q136841955,2025-11-05T00:23:33Z,culture | release | publication | version,edition or translation | recurring event edition
Q137217284,2025-11-20T18:05:51Z,culture | release | publication | version,edition or translation | recurring event edition
Q136841705,2025-11-04T01:09:25Z,culture | release | publication | version,edition or translation | recurring event edition
Q136872885,2025-11-06T13:48:11Z,culture | release | publication | version,edition or translation | recurring event edition
Q136825189,2025-11-03T21:18:29Z,culture | release | publication | version,edition or translation | recurring event edition
Q136955798,2025-11-10T04:20:09Z,culture | release | publication | version,edition or translation | recurring event edition
Q136955765,2025-11-10T01:01:30Z,culture | release | publication | version,edition or translation | recurring event edition
Q136913666,2025-11-07T14:51:21Z,culture | release | publication | version,edition or translation | recurring event edition
Q136995150,2025-11-10T22:36:19Z,culture | release | publication | version,edition or translation | recurring event edition
Q137033976,2025-11-11T16:15:03Z,culture | release | publication | version,edition or translation | recurring event edition
Q137049584,2025-11-13T02:53:41Z,culture | release | publication | version,edition or translation | recurring event edition
Q137115211,2025-11-14T11:21:18Z,culture | release | publication | version,edition or translation | recurring event edition
Q136842116,2025-11-14T15:02:01Z,culture | business,
Q136807235,2025-11-16T13:36:16Z,politics | govermnment organization,
Q137045352,2025-11-26T16:39:06Z,politics | govermnment organization,
Q136806705,2025-11-19T10:06:34Z,politics | organization | political party,
Q136505319,2025-11-29T16:29:34Z,politics | organization | juvenile political organization,
Q136817599,2025-11-17T22:05:55Z,politics | voting,
Q136840461,2025-11-24T17:13:41Z,politics | voting,
Q137018417,2025-11-24T11:15:07Z,politics | meeting,
Q136701698,2025-11-07T16:01:28Z,sport | competition,
Q136825092,2025-11-03T17:37:37Z,sport | competition,
Q136681058,2025-11-28T10:40:58Z,sport | competition,
Q136788918,2025-11-06T08:15:07Z,sport | competition,
Q136841970,2025-11-05T01:18:30Z,sport | competition,
Q136870790,2025-11-05T11:21:23Z,sport | competition,
Q136893130,2025-11-05T18:27:52Z,sport | competition,
Q136893138,2025-11-05T22:07:31Z,sport | competition,
Q136894107,2025-11-07T00:29:54Z,sport | competition,
Q136894479,2025-11-07T05:11:41Z,sport | competition,
Q136894490,2025-11-07T05:35:30Z,sport | competition,
Q136894579,2025-11-07T07:38:43Z,sport | competition,
Q136913659,2025-11-07T04:39:20Z,sport | competition,
Q136913673,2025-11-07T15:25:26Z,sport | competition,
Q136913688,2025-11-07T17:06:51Z,sport | competition,
Q136913810,2025-11-08T00:24:41Z,sport | competition,
Q136913812,2025-11-08T00:48:22Z,sport | competition,
Q136932981,2025-11-07T16:02:08Z,sport | competition,
Q136933003,2025-11-08T03:45:25Z,sport | competition,
Q136933085,2025-11-08T21:35:12Z,sport | competition,
Q136933095,2025-11-08T22:19:08Z,sport | competition,
Q136933153,2025-11-09T03:26:27Z,sport | competition,
Q136994924,2025-11-07T15:39:15Z,sport | competition,
Q136994942,2025-11-09T18:03:23Z,sport | competition,
Q136994949,2025-11-09T22:02:24Z,sport | competition,
Q136994953,2025-11-10T03:44:45Z,sport | competition,
Q136995111,2025-11-10T20:46:35Z,sport | competition,
Q136995128,2025-11-10T21:25:24Z,sport | competition,
Q136995206,2025-11-11T02:25:31Z,sport | competition,
Q137033910,2025-11-09T20:19:31Z,sport | competition,
Q137033912,2025-11-10T02:49:36Z,sport | competition,
Q137033961,2025-11-11T15:11:31Z,sport | competition,
Q137033969,2025-11-11T15:39:50Z,sport | competition,
Q137034388,2025-11-11T19:18:07Z,sport | competition,
Q137034408,2025-11-11T20:16:59Z,sport | competition,
Q137034426,2025-11-11T21:54:11Z,sport | competition,
Q137049434,2025-11-11T16:03:52Z,sport | competition,
Q137049433,2025-11-11T15:50:06Z,sport | competition,
Q137049456,2025-11-12T01:52:45Z,sport | competition,
Q137049540,2025-11-12T22:28:54Z,sport | competition,
Q137049648,2025-11-13T13:17:58Z,sport | competition,
Q137111647,2025-11-10T08:13:12Z,sport | competition,
Q137111742,2025-11-10T15:47:29Z,sport | competition,
Q137112021,2025-11-11T15:28:37Z,sport | competition,
Q137112221,2025-11-12T15:50:56Z,sport | competition,
Q137112333,2025-11-13T05:52:10Z,sport | competition,
Q137112982,2025-11-13T16:27:39Z,sport | competition,
Q137113014,2025-11-13T17:01:26Z,sport | competition,
Q137114470,2025-11-14T03:13:58Z,sport | competition,
Q137115402,2025-11-14T13:26:42Z,sport | competition,
Q137168167,2025-11-14T17:19:01Z,sport | competition,
Q137168660,2025-11-15T22:10:25Z,sport | competition,
Q137168884,2025-11-16T12:34:51Z,sport | competition,
Q137177226,2025-11-15T05:19:27Z,sport | competition,
Q137177227,2025-11-15T06:34:24Z,sport | competition,
Q137177230,2025-11-15T07:12:11Z,sport | competition,
Q137177297,2025-11-16T19:22:15Z,sport | competition,
Q137187263,2025-11-15T23:35:30Z,sport | competition,
Q137187274,2025-11-17T04:50:44Z,sport | competition,
Q137187273,2025-11-17T03:22:50Z,sport | competition,
Q137187277,2025-11-17T06:23:42Z,sport | competition,
Q137187331,2025-11-17T20:33:34Z,sport | competition,
Q137187339,2025-11-17T21:39:08Z,sport | competition,
Q137187365,2025-11-17T22:35:31Z,sport | competition,
Q137196036,2025-11-18T18:03:53Z,sport | competition,
Q137196096,2025-11-18T20:33:44Z,sport | competition,
Q137196145,2025-11-19T00:11:32Z,sport | competition,
Q137216993,2025-11-19T19:27:34Z,sport | competition,
Q137217077,2025-11-20T03:20:10Z,sport | competition,
Q137217242,2025-11-20T15:58:28Z,sport | competition,
Q137217243,2025-11-20T16:01:25Z,sport | competition,
Q137217300,2025-11-20T19:46:41Z,sport | competition,
Q136718042,2025-11-06T02:58:58Z,sport | event | race,
Q136825047,2025-11-03T03:29:20Z,sport | event | recurring sporting event edition,
Q136825182,2025-11-03T21:06:46Z,sport | event | recurring sporting event edition,
Q136825359,2025-11-04T12:48:43Z,sport | event | recurring sporting event edition,
Q136870482,2025-11-04T16:00:15Z,sport | event | recurring sporting event edition,
Q136870717,2025-11-05T08:16:56Z,sport | event | recurring sporting event edition,
Q136799058,2025-11-01T07:20:09Z,sport | event | recurring sporting event edition,
Q136805344,2025-11-01T08:08:05Z,sport | event | recurring sporting event edition,
Q136805405,2025-11-01T21:10:22Z,sport | event | recurring sporting event edition,
Q136805463,2025-11-02T03:40:08Z,sport | event | recurring sporting event edition,
Q136813238,2025-11-02T20:18:38Z,sport | event | recurring sporting event edition,
Q136813267,2025-11-02T22:47:17Z,sport | event | recurring sporting event edition,
Q136813467,2025-11-03T13:49:06Z,sport | event | recurring sporting event edition,
Q136825044,2025-11-03T01:40:30Z,sport | event | recurring sporting event edition,
Q136870734,2025-11-05T09:36:00Z,sport | event | recurring sporting event edition,
Q136870796,2025-11-05T13:03:49Z,sport | event | recurring sporting event edition,
Q136870891,2025-11-05T16:37:18Z,sport | event | recurring sporting event edition,
Q136871697,2025-11-06T00:19:40Z,sport | event | recurring sporting event edition,
Q136893126,2025-11-05T06:53:33Z,sport | event | recurring sporting event edition,
Q111466738,2025-11-02T18:18:35Z,sport | event | recurring sporting event edition,
Q132031257,2025-11-22T17:19:19Z,sport | event | recurring sporting event edition,
Q136955595,2025-11-08T15:37:56Z,sport | event | recurring sporting event edition,
Q136894819,2025-11-07T13:31:07Z,sport | event | recurring sporting event edition,
Q136933215,2025-11-09T12:46:56Z,sport | event | recurring sporting event edition,
Q136695875,2025-11-02T20:48:22Z,mix | disaster,
Q136891140,2025-11-21T05:42:51Z,mix | disaster,
Q136736407,2025-11-08T22:28:56Z,mix | disaster,
Q136720404,2025-11-05T23:01:15Z,mix | disaster,
Q136709283,2025-11-05T12:44:57Z,mix | disaster,
Q136758468,2025-11-10T15:12:27Z,mix | disaster,
Q136849428,2025-11-19T11:24:33Z,mix | disaster,
Q137167364,2025-11-30T04:27:56Z,mix | disaster,
Q137049342,2025-11-27T13:14:26Z,mix | disaster,
Q136959767,2025-11-24T23:57:27Z,mix | disaster,
Q137017220,2025-11-26T12:27:56Z,mix | disaster,
Q137041181,2025-11-26T20:01:38Z,mix | disaster,
Q136827654,2025-11-18T23:03:33Z,mix | software | system software,
Q69307718,2025-11-08T03:30:02Z,mix | service | event | recurring event | holiday,
Q69307716,2025-11-06T03:30:02Z,mix | service | event | recurring event | holiday,
Q69307717,2025-11-07T03:30:02Z,mix | service | event | recurring event | holiday,
Q136849498,2025-11-19T22:33:11Z,mix | service | event | political event,
Q1232355,2025-11-27T00:57:57Z,wikilist,
Q1861623,2025-11-07T11:10:33Z,wikilist,
Q1864435,2025-11-04T16:21:52Z,wikilist,
Q4377229,2025-11-24T05:48:24Z,wikilist,
Q4436042,2025-11-02T02:58:19Z,wikilist,
Q4436037,2025-11-08T04:06:50Z,wikilist,
Q4436023,2025-11-08T09:31:13Z,wikilist,
Q4435986,2025-11-15T20:15:11Z,wikilist,
Q4436074,2025-11-16T19:17:24Z,wikilist,
Q4436000,2025-11-17T20:10:55Z,wikilist,
Q4436048,2025-11-21T00:05:41Z,wikilist,
Q4437013,2025-11-02T12:07:12Z,wikilist,
Q6348385,2025-11-01T11:39:47Z,wikilist,
Q6348389,2025-11-01T18:39:59Z,wikilist,
Q6348431,2025-11-02T10:23:33Z,wikilist,
Q11822059,2025-11-04T00:42:08Z,wikilist,
Q12479826,2025-11-15T13:39:00Z,wikilist,
Q12479828,2025-11-15T13:51:24Z,wikilist,
Q12479835,2025-11-15T14:18:40Z,wikilist,
Q12479832,2025-11-15T14:31:20Z,wikilist,
Q16158021,2025-11-07T04:25:59Z,wikilist,
Q16158031,2025-11-12T23:36:02Z,wikilist,
Q16158217,2025-11-16T20:35:46Z,wikilist,
Q16158059,2025-11-22T10:11:20Z,wikilist,
Q16495421,2025-11-07T12:02:32Z,wikilist,
Q16700955,2025-11-01T08:53:53Z,wikilist,
Q16700989,2025-11-01T06:34:18Z,wikilist,
Q20796136,2025-11-07T19:59:16Z,wikilist,
Q23780741,2025-11-04T09:57:24Z,wikilist,
Q23781087,2025-11-24T10:24:27Z,wikilist,
Q28664612,2025-11-09T07:52:50Z,wikilist,
Q28664614,2025-11-14T08:15:22Z,wikilist,
Q77975036,2025-11-04T14:35:26Z,wikilist,
Q97584838,2025-11-05T12:29:03Z,wikilist,
Q97584932,2025-11-07T14:17:07Z,wikilist,
Q97584895,2025-11-07T19:42:49Z,wikilist,
Q97584930,2025-11-08T11:25:11Z,wikilist,
Q97584909,2025-11-12T14:44:23Z,wikilist,
Q97584952,2025-11-16T11:41:42Z,wikilist,
Q97585130,2025-11-22T11:57:38Z,wikilist,
Q108903165,2025-11-03T23:53:15Z,wikilist,
Q113412026,2025-11-19T11:49:19Z,wikilist,
Q113412025,2025-11-19T19:44:51Z,wikilist,
Q113411826,2025-11-21T21:19:00Z,wikilist,
Q113411831,2025-11-22T01:10:32Z,wikilist,
Q113410982,2025-11-18T19:42:16Z,wikilist,
Q113411343,2025-11-21T18:04:58Z,wikilist,
Q124964743,2025-11-21T19:33:03Z,wikilist,
Q133253601,2025-11-20T00:30:22Z,wikilist,
Q136813304,2025-11-02T23:52:14Z,wikilist,
Q136813305,2025-11-02T23:55:08Z,wikilist,
Q136813310,2025-11-03T00:00:20Z,wikilist,
Q136813308,2025-11-02T23:56:56Z,wikilist,
Q136813309,2025-11-02T23:58:38Z,wikilist,
Q136813315,2025-11-03T00:02:52Z,wikilist,
Q136813325,2025-11-03T00:05:18Z,wikilist,
Q136813358,2025-11-03T03:05:57Z,wikilist,
Q136761597,2025-11-11T12:02:00Z,wikilist,
Q136774045,2025-11-12T16:05:38Z,wikilist,
Q136769545,2025-11-06T06:01:37Z,wikilist,
Q136799117,2025-11-01T12:02:34Z,wikilist,
Q136805357,2025-11-01T16:15:20Z,wikilist,
Q136805369,2025-11-01T17:53:09Z,wikilist,
Q136805386,2025-11-01T20:03:52Z,wikilist,
Q136805398,2025-11-01T20:43:23Z,wikilist,
Q136805429,2025-11-01T22:52:06Z,wikilist,
Q136805434,2025-11-01T23:13:27Z,wikilist,
Q136805435,2025-11-01T23:17:37Z,wikilist,
Q136805433,2025-11-01T23:08:04Z,wikilist,
Q136805440,2025-11-01T23:46:04Z,wikilist,
Q136805461,2025-11-02T03:10:41Z,wikilist,
Q136805524,2025-11-02T14:16:37Z,wikilist,
Q136808215,2025-11-17T03:07:15Z,wikilist,
Q136813112,2025-11-01T10:04:13Z,wikilist,
Q136813168,2025-11-02T16:41:18Z,wikilist,
Q136813182,2025-11-02T17:33:09Z,wikilist,
Q136813193,2025-11-02T17:47:56Z,wikilist,
Q136813229,2025-11-02T19:34:07Z,wikilist,
Q136813246,2025-11-02T20:46:02Z,wikilist,